UnitID,in-state-tuitition-2018
180203,2410
222178,33330
138558,3503
488031,
172866,17661
412173,
108232,21252
439969,10765
126182,9440
188429,37170
188438,5119
168528,36010
444334,
444343,
491163,
481234,
231411,13250
444361,
133872,14400
205391,27194
138600,39960
134811,17698
217615,4828
126207,2756
100654,9857
101949,4380
100724,11068
199786,2036
102580,9350
103501,
442523,7814
102669,20760
188526,33621
138716,5675
138682,2712
128498,31140
168546,43050
210571,43454
175342,6888
237118,26610
172918,5410
188641,28114
156189,11550
474997,16648
108807,1352
161688,7240
210669,45970
200873,5000
152798,18226
154642,3584
217624,13140
110468,14310
168591,38768
168607,6630
363590,11274
443854,11274
438647,10407
126401,12015
460358,12510
182148,12510
443748,7912
445434,12057
444024,11274
137801,12879
127787,12510
210775,33640
238193,28277
222567,2726
222576,3168
457527,
490081,5770
188687,17085
142887,33220
108852,34170
188678,34170
219505,10074
457688,
441052,
109040,
447768,
461005,
443599,10800
109086,28705
441636,14338
445027,10992
438586,11425
445133,14640
164447,34470
116846,30938
475714,
461263,
188854,37370
232797,14886
453455,14886
157021,14886
453464,14886
449339,6880
109208,1104
461573,
131159,46615
433004,21058
447263,15388
164465,54310
100690,6900
150048,15830
150066,29710
217633,26970
138761,16560
168740,28436
457299,
222822,4080
222831,7201
164492,37130
161767,7706
172954,5584
172963,5059
109350,1124
483018,35568
201016,15980
383950,15980
175528,15980
210890,19890
441511,5100
237136,14290
197869,7302
168786,31244
126289,3677
211088,42330
367936,13438
145770,13438
442222,13438
448734,13438
366748,13438
450526,13438
447272,13438
450535,13438
419457,13438
436438,13438
436094,13438
456348,13438
452090,13438
450544,13438
121983,13438
137148,13438
420866,13438
428268,13438
410502,18742
448576,18742
441973,18742
450094,18742
117113,18742
117928,18742
173984,13438
105899,24958
421708,15524
487375,19345
482990,19345
448886,10792
420574,10301
483124,9222
104151,10792
407009,10301
104160,2660
106306,8760
107327,2570
107318,3154
106449,3570
106458,8478
420538,2832
440402,2760
106467,7104
222877,13600
138789,5439
201061,31290
109651,42008
404994,12728
156213,29500
447777,
197887,2602
154022,11248
156231,4080
201104,20700
128577,4356
454829,4230
188942,7500
164562,39598
446127,12625
447935,11545
246813,2794
419244,
138901,3416
138840,2816
183655,6291
485768,5400
100858,10968
100830,8020
173045,37615
138956,2794
482149,8604
143084,40908
219000,31960
444556,
201177,18000
143118,23520
222983,38800
222992,10890
219602,7913
446048,19970
231420,33350
449931,10800
447847,74514
176628,28020
109785,37506
474863,10200
164580,49664
206817,17700
139010,3270
128586,8000
476601,12700
245777,8600
490513,9450
449658,9500
168847,9360
154688,28960
109819,1325
201195,31668
150136,9774
161864,3074
176664,13850
106546,9867
219639,11542
223117,6000
444398,6240
155070,17720
189088,52906
167792,53418
189097,52662
132471,29850
109907,1104
197911,29998
154697,3456
160977,52042
235671,4677
437103,4221
158343,
168883,7608
380359,3040
164632,33557
164641,22320
223232,43790
476717,9300
384254,37788
160995,
197966,2518
164720,38250
247065,13295
452373,13295
444413,9375
126359,11963
190956,11014
175421,24250
156286,40750
234669,3699
180814,7752
238324,20500
234696,3461
197984,18500
201283,3541
219709,32820
238333,48706
173124,8677
217721,19958
154712,28480
145619,33900
165884,17450
197993,18513
230816,51920
164739,48000
156295,25760
183743,8046
125170,1230
189228,25300
183789,25300
164748,42750
213534,11260
164775,5212
139144,35176
485999,9700
189273,9150
189264,8500
486196,9100
488314,9350
154721,26922
237181,28454
486284,13850
173142,26830
458113,8100
150145,28030
154749,27720
173160,36210
219718,16552
110060,7898
132602,14410
139153,9880
475635,23220
102429,4766
234711,4149
157553,4080
196079,9523
110097,38448
100937,35804
102030,4440
200022,3832
143279,7500
219046,8602
106625,3120
143288,21992
180054,3493
238397,4329
198011,2532
223427,4056
183822,29300
211158,10500
450128,
434821,
175430,11760
208275,5998
446774,4032
198039,2601
231536,5252
231554,24800
237215,6728
156392,4160
201371,31672
217749,16500
142090,12080
142115,7326
490203,15869
189413,11025
158431,4079
164872,21174
164614,12600
164924,53346
164988,52082
161004,51848
162007,8064
201432,5060
201441,11057
202161,13980
211200,15380
143358,32930
165015,53537
262086,12360
223506,3735
139199,28510
156356,21550
198066,28640
139205,17740
152992,29786
484932,4776
231581,33820
165024,10012
230047,5400
142522,4018
230038,5460
215646,
251075,
214254,
211617,
213002,
458690,
447102,
163736,
440323,
164058,
443827,
458706,
458186,
443836,
382896,
204626,
246266,
445328,
447120,
439127,
229036,
458283,
440332,
374875,
118967,
227836,
366960,
246202,
447634,
432302,
118259,
431886,
364955,
118277,
161776,
118286,
165033,4656
459091,14850
230056,14850
183859,7261
223524,3330
444088,
104090,
404055,
438179,
132709,1415
139214,12945
217156,53419
198084,2532
180878,15190
219790,25600
454458,15433
475583,15447
154794,15400
110219,13975
369516,15400
475699,17935
188517,16694
189556,16601
458502,16625
189583,16995
202684,17098
369905,17492
189592,17213
459107,17223
410496,16855
239929,15902
480091,14383
201469,17161
231828,17288
374972,17288
189574,17550
189565,16701
231785,17624
451750,17707
217165,42109
210492,21126
211273,50500
211291,53986
211307,8138
153001,32854
165112,4224
154800,3270
211343,7800
150163,39860
110246,1368
198109,12626
110334,1268
211352,31350
215114,26493
198118,2508
183910,33950
110361,32256
110918,9330
110370,47266
485263,16968
478634,16968
490285,14040
110404,49908
111081,47446
485546,9180
486488,18300
110413,41363
480781,8977
110422,9432
110529,7339
111188,7056
110486,7147
441937,6817
110538,7348
110547,6837
110574,6834
110556,6585
110565,6850
110583,6730
110592,6639
409698,7043
110608,6875
110617,7204
110510,6885
366711,7653
110495,7038
460075,9570
211361,10840
150172,17920
176789,11152
169080,33100
165167,14940
454865,
446109,
446093,
183938,4440
158440,
206914,6180
198136,31190
156365,25400
111434,1360
189705,36454
200208,3300
165194,4536
198154,2748
413413,14250
129367,4356
201548,34600
162061,24788
238430,28844
181941,
433013,
490568,
454306,
446136,
420370,
210951,
440174,
206923,3412
143613,6770
173258,52782
132842,12444
211431,28596
211440,53910
199971,8800
461032,6253
433174,14616
442602,
142054,
450702,
457101,
103909,
475750,
250601,
103893,
438258,
467368,
457110,
125532,
437936,
246974,
439118,
450696,
180106,34480
405872,5664
238458,31144
219806,27400
198206,2696
238476,41950
139287,12685
430795,
111638,
439190,3828
201645,47500
240505,3024
230834,11970
198215,29920
198233,2585
475398,10175
131283,44060
189839,5116
189848,33656
439367,
162104,6825
211468,38092
223773,3330
201654,29156
158477,35900
183974,32580
379782,
232618,10528
100760,4440
104346,2580
106713,15750
198251,2544
218858,5807
154855,17240
176910,13900
378105,
153108,35930
180902,3000
128771,10225
483045,2774
173203,5494
158088,4089
161077,3660
445267,5760
176947,23770
169248,12510
187532,1578
201672,4296
208318,4959
211477,18174
198260,2792
201690,6246
223816,3390
231697,4726
234827,7903
240514,3024
488004,11000
189857,7700
234845,4343
156408,40500
420024,16637
444972,15887
377449,15887
377458,16337
427982,16337
232016,15887
175315,5417
111887,1346
111896,1290
111920,1138
180948,7122
111939,1170
454245,19375
489353,19375
457129,19375
475732,19375
454227,19375
475741,19375
486947,19375
466921,19375
486938,19375
486956,19375
489344,19375
454236,19375
466930,19375
460871,19375
141486,24514
230852,39818
364025,2094
111948,50594
111966,13972
217688,24840
444778,10070
102845,21908
128780,7983
201751,11540
211556,36510
140331,2782
101028,4314
220118,10690
219824,4063
208390,4500
162168,5480
437769,
211583,35180
211608,12104
144005,10252
180160,2260
133021,3120
240116,4304
198303,24480
219833,31870
260947,3900
231712,13654
201858,17028
201928,3825
223898,4710
217864,12056
112172,1183
112190,1598
417327,13695
244233,13695
406547,13695
475477,13695
434539,13695
144209,8126
144184,8126
144157,8126
144166,8126
144175,8126
144193,8126
144218,8126
234915,16920
457697,5600
208406,4614
217873,16480
112260,52825
223922,2976
211644,10890
138947,21892
234933,3613
201973,3359
165334,44400
153126,31950
211024,23890
180832,16290
190044,47950
208415,4014
139311,5419
156417,9020
169327,19700
217882,15116
198321,2526
202046,40655
202073,49146
219879,4139
202134,9778
177038,14800
217891,7949
190053,5782
154907,3180
234951,5740
489201,1304
187639,1536
175519,2803
101161,4380
223320,2646
198330,2462
218724,11200
485458,2714
112385,1148
104425,1968
404426,3150
153144,42430
154925,2304
112394,19648
217907,28684
161086,53120
154934,3600
182634,41186
112446,20725
190099,53980
169442,42460
108667,1230
388520,6946
456977,13052
449083,13052
449092,13052
417318,13052
482024,13052
132851,2570
217819,12422
139250,4496
150251,14450
144865,9660
142179,2494
146472,8960
118347,1490
413617,6200
193399,37100
167394,34578
174747,43738
186618,33131
181604,19950
122791,1400
142559,4120
162122,6406
182005,3285
231077,24000
190558,7090
197814,2223
160959,43542
111461,1154
113573,1335
166124,50630
226408,2973
480967,6600
107521,3680
178697,19130
121707,1182
123217,1390
123484,1154
455114,4336
231624,22044
448752,16968
126872,16968
103945,16968
448761,16968
474890,16968
247834,2644
461953,11435
126669,30370
126678,52818
127556,8374
126711,3808
126748,3943
381732,10760
126775,18386
126784,
126818,11395
128106,10090
126827,11689
234979,4554
479248,
455983,
112561,1162
177065,21936
217934,19500
144281,26474
112570,24495
420556,4248
217925,22390
450933,5415
219888,4155
190150,57208
190169,4888
202170,34440
202222,3808
139366,6134
139357,2704
366261,12495
212975,16836
439570,
446163,5700
210605,7653
126863,3702
434672,7038
211079,11310
126942,3909
215239,10284
217475,4564
230861,6414
459417,15300
177083,21526
237330,7732
126687,
460181,
123679,
441742,
155283,
219903,
124937,
208479,
460206,
124706,
120661,
487588,
133845,
133854,
460190,
133863,
101073,10320
173300,38378
190248,31600
169363,28420
144351,31588
112075,34100
180984,31000
208488,30270
173328,21750
224004,30600
238616,28600
128902,52850
206996,3512
211820,
112826,1312
217961,17680
190372,45100
175573,3180
395362,1112
162283,7474
210331,31640
153162,40880
190415,52853
170037,27520
190442,5076
235024,40464
106795,3600
113096,1104
177117,20200
184180,8580
139393,33170
154952,3255
176770,11410
144485,
113111,1143
198367,2053
181002,38750
475608,9858
439613,12400
177135,3840
106810,12250
174862,25430
113193,1338
444565,15938
190503,31616
177144,26040
184205,4740
219949,21810
190512,7062
190521,5170
190530,5206
190549,7040
190567,6940
190585,5208
190594,6982
190600,7070
190619,5252
190628,5218
190637,7010
190646,6952
190655,6920
190664,7138
190673,5210
190691,6958
165529,38936
211893,2675
202356,3953
113218,1386
113236,1140
190716,25870
231873,4613
190725,27990
200314,4419
173416,5713
219082,9147
219091,27030
224226,27480
224244,18734
224271,11870
437732,
139463,4212
144564,7775
231882,4598
182670,53368
169479,17558
198385,49949
198376,2588
237358,28992
202435,14130
194569,16800
180151,5250
447476,15000
363439,15000
368443,15000
205559,15000
444255,15000
220002,15000
157465,15000
447014,
133386,3109
113333,1552
165574,38090
211909,14550
202514,32190
224350,3976
432524,25710
211927,9075
130934,7868
130907,4848
211981,38000
158662,4079
113537,13350
169521,6080
366270,
158723,9685
175616,6859
202523,50440
217989,5700
144740,39010
150400,47838
153214,4530
210739,35900
113582,22510
482413,18020
482422,17188
482431,17700
482440,17380
482459,17732
482468,17636
482477,17316
482486,18148
482538,17252
482547,17572
482556,17348
482565,18052
482574,17476
482583,17732
482608,17572
482617,17828
482635,17540
482653,17572
113634,1312
212009,52955
200059,6554
443410,29000
158802,17917
105297,1410
153241,12850
230171,5080
181020,32250
448284,10780
154998,3270
190761,28448
148496,32530
113698,44690
155007,7140
153250,30000
212045,16029
153269,39062
184348,49468
212054,52002
177214,27015
198419,53500
173489,18975
175227,21610
212106,36394
198455,1958
190840,4236
220057,4331
447421,13991
230366,14297
451006,
150455,45750
106883,3150
198464,7143
177250,3480
175643,2790
207041,6600
139621,3110
113856,1220
175652,3240
413802,
212115,10098
220075,8679
224527,25470
439394,10675
144883,21450
104577,2550
129215,10919
132693,2496
203331,3645
144892,11678
448354,21225
421878,21225
153311,4960
156620,9366
161138,3747
232043,35800
169798,12019
165644,31780
187648,6013
187666,2424
383996,1540
207050,4572
208646,8362
232052,4688
212133,32145
441858,
235097,7109
438708,3552
240596,2928
224572,3330
183488,14832
185721,15305
184959,16252
446233,15140
133492,43044
460215,
248934,15051
198491,2522
238661,28500
212160,10282
202648,4219
235103,3822
133526,13525
112686,1142
113980,1142
224615,3330
224642,2746
144944,10452
488305,7942
198507,4986
212197,45350
156648,4080
153296,4656
144962,36370
190974,21700
190983,41900
198516,34273
490346,13220
133553,34822
104586,34662
426314,9000
165662,44832
165671,38844
139630,19710
153302,17520
232025,33700
139658,49392
487092,48502
114123,
155025,6345
165699,32154
101143,4440
124487,9689
191083,5575
212434,13770
217998,34560
184481,8790
384333,2094
200590,10272
144971,25390
177339,22745
235149,3715
385619,17000
114266,1356
129242,47165
184694,41780
184603,39446
237367,6950
153320,16766
443049,7236
212452,5870
443058,6570
196042,8076
191126,5483
101189,20970
198543,5183
198534,2528
114433,1461
487861,
184612,33650
169910,11628
232089,33025
114354,32293
114415,32293
248846,32293
114390,32293
436599,20520
191199,5096
172440,22758
165802,30499
220181,21480
165820,10155
191205,19360
133711,18200
180197,6010
160481,3966
155052,6040
218025,4534
133650,5785
133669,4831
487384,16684
487445,16684
487409,
487490,
487436,16684
487418,16684
487454,
133997,
487472,
487427,
487393,
133809,17142
438285,
420103,
387925,
441423,
135160,3100
433660,6118
133881,41240
133951,6556
133960,3276
133979,15536
408844,13250
482936,4940
134079,34774
133508,3401
133702,2878
134097,5656
134112,
444219,1104
380368,5257
177418,25460
114716,1554
191241,50986
218043,10525
198552,2143
155061,5009
127185,8609
180212,2250
155098,2910
139719,6658
439738,14412
205179,14602
450067,15124
460020,16235
450058,14994
490975,15669
487302,13895
458478,
392415,
458681,20100
451909,14335
475130,14628
233329,15200
439792,15213
456180,13215
201399,14515
382957,14359
456454,17614
372921,14631
455628,14220
418870,14752
216418,13157
249609,15787
459958,
452124,17450
455479,14420
445744,15732
385503,27246
221795,14750
145239,15160
238722,4497
165866,9920
218061,10742
160074,12764
205957,26430
224891,3802
212577,54380
150604,30920
182795,34995
202806,12241
441982,51936
162557,6928
220215,21950
372073,
114789,1304
114813,30458
155089,27565
127200,3908
403469,9743
162584,8914
134237,23694
114859,1138
191302,5020
218070,48348
101240,3600
491181,
452948,
156471,
406033,
406024,
131450,16558
224961,2650
212601,30932
155104,3072
198561,30700
162609,7448
198570,2704
157438,4160
105145,2094
130396,4316
238759,4369
114938,1166
480912,
191339,4580
212656,26070
101286,4380
101295,3726
101301,4140
208822,35016
232186,11924
131469,53518
156745,37160
131496,52300
461236,6220
139861,9346
447689,5634
139700,3288
139755,12418
485111,6124
139384,2774
244446,2920
139931,6356
139764,5341
139940,9112
244437,3304
184773,32260
232195,4801
212674,52640
169974,4896
115010,
104708,2094
115001,1175
237385,7342
449384,31380
230889,16260
202903,7040
169992,6258
115083,16095
115126,1178
130989,23850
476337,
434690,
430157,
430166,
122366,
235316,41330
202912,15470
129154,20888
165936,36740
139968,3828
150668,33200
162654,43440
145336,11746
170000,11569
150677,23170
461528,5800
481058,2840
481401,5280
181093,23030
153366,28110
159009,7435
104717,17050
170055,6945
170082,11994
153375,26516
183257,7593
442569,6540
235334,3993
225070,2904
182306,3015
183150,7424
180249,3255
170091,15550
213181,
230898,37002
235343,3975
165981,5450
198598,29120
218113,4806
145372,26356
153384,50714
115296,1386
198613,35563
198622,2167
134343,2370
139995,11700
459213,
173647,44080
140003,9925
444714,
425250,
490559,
140012,2868
212832,33600
102313,4350
383084,
162690,5384
198640,2564
225201,
191515,52770
153427,14250
173665,40332
232256,43940
166018,51608
232265,25441
177542,21810
150756,36520
212869,23670
225247,27440
107044,19385
162706,5772
177551,5340
212878,7725
446640,23900
458432,16275
151166,16275
468398,16500
115393,1420
191533,44134
166027,48949
115409,54636
155140,480
181127,29200
212911,52994
383190,3084
460756,19473
141644,24550
153445,5042
198668,2574
156790,4080
490054,22575
450960,
384342,8550
145497,17630
203085,30200
180276,3229
166054,22490
481155,17072
156851,4080
107071,8530
107080,44070
173708,5198
170240,4694
198677,8328
101453,11232
235422,17914
191612,5120
200785,13850
140340,13850
101365,13850
459851,13850
433536,13850
459842,13850
240392,13850
174154,13850
457022,13850
386472,13850
155177,26318
173735,5310
177579,13920
198695,34005
155186,3540
145521,6231
180081,3351
235431,3936
191621,21800
225371,2295
134495,2506
175786,3080
203128,34300
220312,16469
191630,53525
134510,6595
203155,4390
367884,13940
191649,43960
232308,38285
175810,3110
129534,7750
150774,29734
212984,30346
115728,38188
166133,4662
457086,
203386,18260
141680,3054
162760,37960
170301,32780
488332,
120537,31800
156860,4080
457226,9300
218140,5044
191676,31540
129543,4276
225399,31730
225423,3360
458034,10713
225520,3970
162779,5880
225548,27690
131520,25697
184995,9558
191719,5632
164368,38850
115755,7493
115773,14004
101435,26400
488068,6155
237437,8100
150941,25540
449348,4560
212993,19650
486965,40100
487524,17561
225575,14346
155195,3392
372329,12600
142276,7166
483780,13820
434584,3820
145682,9150
145691,32140
145725,45864
145813,14061
145831,11250
145646,45856
213011,27350
115861,1142
155201,4096
465812,16968
153472,4080
134608,2764
151290,26370
151324,8916
213020,12119
151351,10533
151388,7207
151333,7207
151360,7207
151102,8330
151111,9334
151342,7207
151379,7207
151801,25980
488679,9645
115931,
187745,4960
461218,
454616,18750
431141,
128179,
128188,
138655,9890
442435,9770
138664,9770
367103,9770
443696,9530
440776,9530
367361,9530
366289,
481960,
442888,
443571,
116226,18250
436614,11250
225779,
151458,13960
151467,13960
203289,12569
173799,5332
191931,37682
153524,5340
153533,6236
153603,8636
153621,24600
153630,5664
116439,1142
191959,16650
198710,2542
173805,5325
175829,2840
191968,42884
159197,10575
150987,4255
101471,4968
232414,4886
101462,4410
170444,8288
220400,4125
175856,7621
225876,8000
101480,8166
134945,35260
203678,3845
232423,10830
198729,2542
192004,12600
191986,5670
225885,11720
215099,39280
177676,4890
231837,25850
156921,4160
192022,5257
101499,4088
101505,4500
455196,
192040,54684
419341,12725
220464,11070
146205,5506
107141,26144
101514,4520
203368,39990
462354,24900
232450,4608
198747,11230
146278,8100
162928,52170
445708,31508
439288,31508
414823,31508
460349,13365
217235,31508
198756,18236
213233,18567
155210,3300
230913,11730
220473,14920
132879,14920
198774,2657
146296,11340
175883,3480
461281,10480
101541,17896
146339,29434
213251,43875
170532,46840
170541,5646
146348,9840
155308,7640
177746,37800
155292,3248
155399,10135
155414,28980
141796,3084
480064,12475
260910,15352
153418,15352
260901,14263
367024,15352
162681,14263
489779,14263
181242,15352
160940,12475
153409,15352
489788,14263
181400,15352
490771,14263
146366,7530
141802,3132
225991,16625
185262,12107
183062,13868
192165,9700
135081,19224
170550,6072
146393,19828
161192,3757
486840,6347
177816,21540
203447,5664
203456,5664
203526,5664
203517,10012
203492,5664
203465,5664
203474,5664
203483,5664
157100,19256
157030,7760
157058,8184
157076,25070
203535,53560
203544,12408
169983,42490
192192,30946
461315,3020
134422,11085
213303,26670
226019,3504
220516,28572
382504,14340
213321,35830
153737,4586
170587,5610
146418,8880
428392,4170
146427,44958
213349,9987
171881,21090
481915,14225
456940,13745
445726,13310
213358,27720
213367,29500
117627,32130
155450,2940
165264,36103
260372,4590
213376,15160
213385,51600
140234,29480
117168,29800
219143,5264
203580,30862
146481,45548
146506,7814
170620,6105
200192,4336
173461,5153
170639,11427
117195,1224
235699,4137
135188,3172
203599,4165
238980,27760
183123,6972
239008,4184
127389,3908
441760,4689
226107,4288
226116,5924
226091,8314
213400,22580
418533,
218229,11700
247649,54750
220598,10690
209038,4650
117247,1230
207209,5936
140243,3282
213473,10800
170657,6560
240620,3426
226134,4500
366401,1138
166391,34600
117274,1127
250027,9914
408729,9914
215992,9914
454786,
166407,27655
170675,32190
239017,46101
101569,4440
230418,3340
192323,33905
220604,11196
213507,42180
226204,2488
220613,16730
413626,4198
198808,25878
141811,3084
213525,7260
213543,50740
198817,2551
198835,35350
166452,26675
226231,29320
209056,46988
146603,9192
146612,31250
142328,6334
232557,21310
117104,14884
140252,11715
192271,26395
218238,25025
146667,13020
146676,18100
128683,20050
163028,
126951,
226277,
151661,
434159,
146700,
221148,
146685,6072
220631,21410
213570,
213589,
403478,9743
117557,10830
177940,7632
213598,11379
177968,16960
157216,24246
209065,41682
209074,4731
219976,30932
180328,3200
434016,5140
192439,36978
192448,36978
421832,17104
198862,17763
213613,10576
177986,6860
227182,3403
117645,1188
192509,14475
232566,12720
166489,40780
203748,3753
153825,32886
232575,4627
490124,32093
117788,1220
446385,24304
436429,
117690,1220
117867,1220
368780,
381945,
117706,1220
117715,1220
117724,1220
117733,1220
117894,1312
198871,18581
159568,16000
449612,14575
483212,4158
159391,11374
159382,6669
159407,4392
159416,7166
159647,9645
203757,21540
235750,4275
117946,46386
146719,43078
163046,47560
159656,39492
226383,21794
363633,1298
101602,4440
153834,41020
135364,7240
213659,9300
213668,38618
232609,37690
230931,11730
132657,37510
106342,27340
173902,52464
146816,12660
192624,11300
146825,26100
170790,6041
238263,4341
364168,14708
148399,13366
157304,4080
170806,20700
153861,27530
161509,34050
161022,11506
161299,13278
203775,29900
129695,4276
183132,7232
151777,31660
192688,14070
155487,6030
155496,15418
192703,41412
192712,44600
192749,37910
213774,17029
213783,12316
239071,14910
192785,14610
151786,33000
239080,27400
203845,36040
101648,9418
203881,4480
192819,36780
230940,40425
239105,39900
198899,31804
237525,7798
153922,4656
198905,1886
173452,14680
220701,23800
151810,13200
487977,
232672,31110
170842,22750
163295,46990
118541,35884
192864,31950
232706,30876
220710,34196
178059,28470
213826,33940
166647,5088
166674,12700
167288,10135
166683,49892
166692,8398
166823,4680
454698,13079
198914,2558
157331,4080
200226,6456
456579,11180
458450,9828
443395,9720
213871,11292
438221,11346
367112,11128
438212,11005
446880,11330
482927,11640
164270,41800
198923,1900
147004,11616
147013,29640
226578,3990
226587,26887
159717,7920
155511,27823
166656,32590
490328,8400
489821,
487843,15679
487834,
192925,28360
455336,
490179,
192961,12595
220808,33130
118684,1423
118693,41350
118718,1150
185509,5088
140447,36000
193016,18714
153977,17600
203960,14710
213987,36320
480189,18450
198950,35916
244279,
175935,2964
166850,40190
118772,1230
105154,2094
173993,5329
188261,1812
193061,8600
193052,11510
193070,11250
417752,9120
213996,34160
147129,20750
198969,32860
178110,11375
245430,11375
245421,11375
190114,19180
181303,2970
177995,5520
174020,7859
127565,7352
135717,2838
451103,
204006,5173
204015,5173
204024,14958
369862,11140
204060,10740
200633,11540
450003,10980
169655,15917
171100,14460
171128,15074
171155,6847
245953,17830
151962,11900
199458,14080
181312,3120
481225,7024
239220,4371
155520,29670
482158,3924
220978,8612
230959,52496
129756,4276
166887,4802
185536,6936
226806,4230
181330,31630
218353,5222
147165,16230
157377,23950
178183,
178208,7810
457536,
226833,8694
480985,6400
489760,
193201,12285
461014,13365
101675,11794
180373,5415
461883,10844
449117,11490
458405,10980
455655,11165
460817,11200
456205,11100
198978,11105
460826,12100
441025,10940
443650,11400
382771,11030
458441,11080
460835,10880
233091,10820
475060,12060
448664,10800
475194,10660
214041,11858
486901,32500
147244,33066
118888,46236
175980,38930
239248,4491
449861,
239309,36230
239318,39429
178217,4720
174118,15100
174127,37812
174136,5396
175263,5630
173559,5335
174358,8468
173920,8164
173638,5692
200253,6810
118912,1152
193247,7260
214069,31660
118930,1189
176053,17392
176008,3030
176071,3670
176080,8318
176035,6614
176044,6422
178244,26020
178341,6067
179566,7306
179344,4230
178411,9246
178369,20200
178387,7570
129774,32442
198987,2651
219189,6592
178448,5010
118976,1162
105206,2112
193283,5058
193292,30310
147341,36400
185572,36732
193308,14976
193326,5139
171225,6380
180461,7079
180179,5833
180522,5861
180416,7125
171234,7410
185590,12455
119067,1176
163426,9618
199023,2537
214111,10350
199032,25730
166911,32000
147369,12960
214148,39833
119137,1388
239372,4461
147378,9426
214157,42024
157386,8950
140553,27278
460394,1426
127617,3677
163453,7766
154004,30490
218399,13458
147396,16100
196051,8249
147411,8212
221096,4147
169275,5098
214166,22430
209241,21404
204176,13442
166939,47940
166948,35720
219198,26310
239390,29510
154013,30582
204200,29100
193353,29920
119173,39608
163462,40550
204194,28090
166957,5428
232788,4598
237598,8215
226930,3330
444954,3744
209250,5126
119164,1349
119216,1386
398130,15688
118198,
214175,50830
209287,24680
207236,5050
157401,8820
119270,24030
171304,9190
204264,27646
451477,
434432,16750
119331,1142
127653,31790
199087,2632
183141,7328
221184,4065
193478,5632
248882,15000
440758,15000
451875,15000
477996,15000
436483,15000
440767,15000
478005,15000
466161,15000
127680,15000
466189,15000
440749,6075
491093,15000
482325,15000
485281,15000
247700,15000
482370,15000
466170,15000
482316,15000
478014,15000
442718,15000
219204,15000
482334,15000
482343,15000
174385,15000
219213,15000
466152,15000
491109,15000
451884,15000
482361,15000
448585,15000
455868,
371964,
388043,14886
147536,10440
461023,7995
106980,3780
447759,
119605,13016
129729,4316
187596,4070
227146,3870
127714,11760
193584,33549
181376,16830
181765,5062
181419,4080
181297,15980
181446,32894
155566,4692
163532,11900
214272,30050
445692,24750
414939,
441900,5131
214290,
262129,6916
182980,36954
164438,12040
230977,
217305,28656
430810,26880
208725,14830
185129,11761
185828,16898
187897,5954
187967,7183
187903,1776
187912,4318
187994,2424
188003,2068
187620,2088
188021,2280
188030,6461
447582,3966
232867,4585
440262,
418126,14226
421841,33242
461148,28260
194091,35870
194116,23590
193900,50464
218414,25900
167251,34470
155335,29200
119775,26463
183099,7424
193946,4698
193973,31950
159966,7886
167260,34000
239442,4877
444787,
460464,1420
232937,9036
174428,5790
461795,9900
107460,2808
199102,6526
199157,6399
199193,9058
199209,29900
147660,37749
418889,
155593,6019
171395,6202
179715,5310
204422,3591
224110,3600
174437,23480
194028,5614
200305,4880
200332,8666
136145,3054
140678,2734
218441,19150
174376,4420
142443,4728
154059,5213
227191,3330
147679,28620
236072,4302
167312,4944
120078,
214379,9240
239460,3497
101897,4440
182917,24000
181491,3405
154110,5180
488730,7170
176169,3232
221908,4152
227225,4589
239488,4415
147776,10736
127732,4941
207290,4448
207263,6327
217837,4296
167358,49497
105330,11059
167376,4992
147703,14350
157447,9744
161484,3681
171456,10240
188058,4765
207281,3865
219259,8280
232946,5498
239512,35157
174473,5549
105349,1808
217606,12054
160667,4103
367459,4663
445948,
209409,28680
240657,3386
377546,19075
136233,3133
380377,4437
154129,5910
155618,
160010,2976
176178,3000
178624,7657
142461,29000
458140,14450
204440,3858
488086,
173115,5480
236133,30320
487603,16380
420398,7170
101736,4411
154101,30200
147749,17475
260992,17475
130040,4306
174507,10684
171483,7463
207306,7066
160038,7922
147767,52678
171492,26080
130004,4336
230995,38662
368452,17800
204468,29300
120184,34196
163578,36070
136215,29930
200086,3870
158884,4175
194161,25350
221254,29880
174525,17314
152099,23700
171535,4376
171571,11970
147800,10446
101912,16720
204501,53460
120254,52838
185873,5095
420431,2674
227304,3834
366465,2872
219277,2684
140696,36680
203739,9000
203720,9000
201964,20240
204617,31080
204635,30990
204662,7203
204671,7140
204796,10592
204680,7140
204699,7140
204705,7140
204608,
453817,
204820,5060
204802,4806
204848,5060
204857,11896
204839,4806
204866,5060
204884,12729
237640,21250
204909,44690
120290,1162
194189,11250
207403,26840
207324,21670
207449,3909
207458,30726
207351,6196
207564,5250
207388,8738
207397,3836
206835,26090
232982,10050
171599,26695
147828,34940
145707,9743
236188,3693
407328,13850
194222,5154
207582,26792
120342,1186
194240,5398
218487,5234
423652,4140
209533,33200
209506,9982
209542,10967
440828,9774
454883,13680
214528,
127778,3856
120403,45620
155627,28550
204936,31874
107512,25870
227331,28192
204945,4682
247940,4080
120421,1388
178679,12720
107549,2932
177472,4164
194310,43986
407610,3650
422695,
442842,10182
414595,11592
378576,9233
236230,40722
209603,36440
457484,10460
120838,16005
120865,29469
209612,42594
130110,17070
140720,14226
136330,29950
136358,2444
154174,9096
246354,7170
120953,1288
120971,1338
199263,1867
227386,3120
364016,2094
227401,3900
178721,10774
243823,15564
147916,11100
121044,1348
136400,3155
186034,5910
233019,4608
233037,4588
227429,8495
194392,27621
439871,
176239,3500
214883,15060
221643,4180
459514,
236258,4347
214892,20000
214944,
214971,37096
215053,25000
442356,27568
366252,16350
414911,7980
261861,13170
214582,13230
214777,18436
214801,14516
214689,15190
214698,13694
214704,15190
214731,14460
214740,13632
214591,15190
214759,13632
214786,13694
214713,15190
214768,14460
214670,14460
214795,13694
214625,13694
214810,14398
214634,13324
214643,13568
214652,14460
214829,14460
479956,13988
136473,2704
121150,51992
236212,
181534,7260
199306,29574
107600,12714
107619,3200
189282,34700
105428,2094
140818,24464
199324,2547
489937,9480
218520,4985
233116,4678
235237,3783
439145,3831
443492,4918
127820,3726
440794,21076
105525,2118
105543,
442967,
461689,
434140,
442134,
404912,
489812,
456038,
486813,
460136,
445230,
260691,
486822,
449074,
368629,
105534,
167455,30860
174570,4066
453109,
177302,
210076,13338
199333,1930
155681,7100
216782,24919
215381,20945
215390,
215415,16817
121257,52236
490878,13794
260813,19286
207625,
428143,
260789,13794
447379,
445258,
432384,13794
480204,13794
121275,17235
245962,
194499,12450
183080,13770
121309,34600
215442,30130
138868,20600
136516,3366
456481,12090
456490,11580
190451,12145
121345,51075
205027,22092
121363,1322
209746,4088
209807,8783
130183,16610
237701,4248
148007,9162
227526,9959
155715,3492
194578,50038
218539,37842
490045,6860
105589,30501
219295,19830
163657,6050
186131,47140
437750,17000
454908,
205054,15391
455770,29372
217402,48764
380438,13516
127884,5050
490805,7582
243780,9992
199412,33532
167525,6306
148131,27770
130217,4306
130226,46780
167534,5538
384421,11900
194657,12450
194693,12950
194666,7750
186186,11100
194736,8800
405854,13600
484871,9000
205124,10800
194763,9800
233277,10627
174604,5325
186201,14080
207157,13640
233301,38155
199421,2373
233295,40000
227687,4505
178891,14457
233310,4708
186645,5376
138309,10935
448673,10935
480657,10935
175014,10935
200013,10935
450571,10935
215585,9390
127909,4008
207069,4962
209922,54200
117052,1304
490230,5300
105659,
231651,17288
167598,39820
127918,35610
101994,4500
140872,22422
440271,16950
375416,14467
223463,15069
377111,15069
460783,11901
372958,16950
451857,17327
160524,16694
438869,16950
412599,16694
366535,15069
445249,15022
445203,15069
451866,15390
148256,5700
194824,52305
236382,5377
217420,8776
217493,48370
221351,46504
227757,45608
233338,7823
227766,3330
148292,6000
199449,2516
186283,41310
175236,5759
136774,44560
121886,1360
105668,2094
239628,41835
436304,4079
183114,7175
173063,5570
121901,1420
233408,15849
183211,31090
221397,4143
233426,42819
199467,2642
215655,29420
148335,26700
194958,30686
199476,2561
170967,22312
174738,5636
195003,40068
148380,8924
148405,30050
179043,36590
199485,1940
195058,5037
180595,27566
127945,17963
217518,33336
207661,6870
209940,4344
136950,48335
148487,28963
207670,4124
152318,48012
439899,8756
215682,13380
215691,19486
490832,
421513,
373085,
452081,
480550,
484349,
456506,
460109,
481863,
183877,4545
184791,5420
184782,13422
199494,2626
167631,4424
176318,9700
186371,14501
186380,14638
186399,14085
449506,
122180,1104
490160,
172033,19325
130253,39820
122205,1328
447458,23899
476948,
485139,
446525,25061
441070,2040
172051,9819
154235,30016
183239,40200
149028,25342
148876,13200
199582,17890
216047,20655
174783,8228
227845,43300
195702,16300
215743,35066
195720,33120
137272,21000
137281,2839
174792,43356
160409,17868
161518,34610
215770,43880
137032,22220
179256,11610
179308,4695
179159,42166
236452,35656
152381,29510
152390,40800
123554,45686
174817,33560
486424,16300
231059,43640
239716,36593
175041,5560
186432,36402
215798,34430
148627,33380
199607,28566
186469,5700
237783,16700
167729,10278
155830,7080
163851,9582
180647,6349
230746,3781
466523,
167738,
217536,38986
227881,8062
195289,13476
102049,30490
199625,2547
227924,7170
123527,1238
112084,30438
122339,1142
122375,1142
122384,1142
122409,7460
122454,44778
122506,44810
122597,7254
486239,10400
227979,2580
122658,1104
122685,
122746,1356
122755,7721
188100,1474
199634,2598
121619,1142
122834,10000
122852,10000
433420,10000
122889,1374
122931,49858
137096,2563
188137,2115
188146,32346
122977,1142
123013,1282
399212,1142
195304,54010
148672,10460
140951,36410
140960,5743
140942,2744
195322,4593
404338,14360
377218,
143048,49610
197151,38000
172200,4942
228042,26900
105747,2094
123165,52966
236513,3795
488448,30240
236577,40893
236595,42885
102058,7115
207740,4440
137209,3131
475839,8700
186584,40588
215947,34660
221519,45120
155858,3040
195438,9460
123280,12060
123299,1185
199643,16480
148821,5792
205443,7439
102067,4189
233541,31920
237792,7328
240666,3120
480499,4510
216010,12086
236610,3802
107840,4904
140988,21730
448309,9680
195474,35735
172264,25932
123341,1142
182458,32639
239743,27360
167783,39600
461759,5310
154350,37663
123457,27700
205470,3674
219374,3154
219408,4410
200466,3910
236638,4200
195526,52596
123509,1447
216038,10205
167835,50044
102076,4500
230597,3692
399911,31776
123563,1140
157711,4080
123572,7724
488077,8490
107974,2940
218733,10740
173911,5417
160913,2946
123642,
220552,18000
219347,10400
219356,8441
366003,6660
137315,3165
482699,3254
141006,2794
216083,16608
434061,4205
105792,2094
197850,1995
228158,3464
236656,4401
236504,4515
149365,10786
409315,4020
480073,17014
480082,17014
251312,17014
481720,17014
101116,17014
468024,17014
139579,17014
449898,17014
224776,17662
133465,17014
459259,17014
475121,13354
459268,17014
156338,4080
107637,3480
181640,3570
157739,4080
417734,17580
179557,7185
219426,6110
176336,5165
199759,10730
428170,19024
154378,5400
199722,2589
148937,5760
160612,8153
207847,6750
368911,2834
137564,25360
221661,21550
107983,8346
107992,4810
123952,43800
399869,17335
117575,15600
117672,8244
130493,10538
139986,2840
149222,13932
149231,11493
161545,3710
228246,52498
206862,25178
183026,31136
210146,9287
487162,2704
205966,4412
490063,5409
366553,14400
446552,
251260,4140
160621,8666
160630,6421
160649,4184
230603,6676
231086,24775
233611,15900
217776,24700
237817,3724
233082,14202
233639,4583
179326,23358
382911,3970
442879,
175078,8610
176354,3200
221485,4155
228316,3798
451556,15000
402776,22588
104188,23044
233648,4591
239910,4340
228468,20732
228325,19994
228486,8136
207856,13880
123800,1338
155900,28750
154396,5664
199731,2213
143215,12240
188216,1095
172307,6105
207865,7005
210155,5942
228343,40560
160579,4185
157757,24000
413680,
126605,15743
207254,17975
218830,5550
218821,16860
141060,28181
433563,21525
157766,20400
236692,3460
236708,3460
148991,9990
172334,27750
102234,37584
167899,36535
167905,6066
195164,33331
175005,38170
262031,3888
172291,7738
174756,5359
195173,26188
195809,40520
183248,22933
195191,19700
195216,52990
442426,
179511,
154262,20440
163912,14496
174844,46000
189811,36771
195784,17004
137078,3352
227854,7170
137476,29730
130448,15563
199698,25874
163976,51795
245652,52320
195562,26560
195544,26550
179265,29451
228149,29300
195243,30750
446561,
483814,
243744,49617
199740,2661
205841,3686
135391,3074
179539,4200
177977,6060
196176,7775
448600,12592
205887,12762
475565,5194
228431,7716
179548,30344
155937,24985
231095,37588
137546,44490
186867,50554
460899,16968
474906,16968
446677,16968
438151,16968
230630,16968
477950,16968
230621,16968
178767,12720
164173,35490
102270,10792
186876,13404
366340,2645
167996,41300
196097,9257
438498,15135
450377,13857
458885,13857
450298,13857
131803,13857
449038,13857
458919,13857
459994,13857
430184,13857
458955,13857
453215,13857
453163,13857
443784,13857
458964,13857
443766,13857
458973,13857
233684,13857
456621,13857
366395,5600
168005,37270
228501,8072
433466,
157270,22919
195988,5690
157793,25950
447953,9324
181543,6560
208512,
487311,13065
196060,9490
196158,8286
196219,8498
189547,5165
196130,7976
196121,8154
196167,8408
196237,7883
196194,8191
196246,8148
196200,8221
196033,8139
196103,8543
196006,8327
196015,8130
196024,8120
196149,8300
196264,7185
196291,8074
196185,8166
196112,7998
197294,4743
199768,2540
216278,45470
247603,8850
216287,50822
196389,21200
233718,37155
196413,46755
155973,27220
236753,4146
124113,1410
102298,12340
137759,2026
137777,13250
186900,13300
196440,5800
451404,7600
196431,9300
216311,8900
228529,7367
228547,2862
149310,11175
449524,10418
152530,32885
217712,5020
149329,13500
228608,4056
216339,16658
221838,7776
221847,8513
221731,23800
206011,4352
228699,3388
226152,7143
228723,11234
224554,8434
224147,8750
228705,8462
459949,8216
224545,6963
228875,44760
228884,10008
441487,15869
228981,29960
229063,9173
227377,4398
487320,5123
228459,9985
229115,8860
229160,27800
229179,7486
216296,7830
138813,17590
451820,17662
450085,17590
197832,17122
200624,23341
126702,17626
132338,17698
222938,17662
448345,14818
182111,17410
451796,15826
210942,17914
428444,17410
210960,17626
451662,17014
208239,17410
452027,17122
458982,17662
234492,17554
449010,17590
458496,17590
440341,17590
132408,11100
455664,13530
201821,16477
437635,
480833,
489283,
392257,
449250,
142294,28755
187134,16149
193645,36618
195234,31612
174899,36212
197285,21015
206589,48600
430485,27700
235167,7591
148177,17482
428286,17482
192110,43170
454184,35400
439701,14400
161208,22775
117751,33020
167057,46930
193654,47276
215637,23550
195128,29864
100751,10780
202763,33320
180489,7063
180692,5502
137847,28426
221740,8664
221759,12970
221768,9236
228769,9952
228778,10398
228787,11528
228796,7851
229027,7969
228802,7822
229018,5782
227368,7587
215105,43100
233897,9825
138354,6360
214023,12097
486123,19800
216357,30830
124292,24500
161563,26110
187046,7300
157809,30270
183275,21000
233754,4679
141167,16940
179645,5250
129808,4356
233772,5434
206048,24000
420723,3852
141185,22104
442781,932
196565,6014
196583,10750
176406,10600
196592,18200
459727,14600
164076,9694
157818,37290
210234,5445
221892,25100
199795,2363
218885,5468
206154,9100
448859,16779
216454,16646
216427,16408
216445,16594
216436,16640
443377,16779
460747,27454
218894,4860
450979,9240
152567,31540
414878,10832
128258,5027
137953,11640
200484,16140
149505,28675
130590,54770
137962,16340
146755,27458
135610,12450
149514,30750
459161,
229267,41344
225308,4350
131876,23690
149532,9726
196653,17110
102368,8692
182500,3075
141237,19480
178615,7656
168148,54318
160755,52960
207935,3221
207962,
130606,4276
200527,2250
221953,23700
102377,22170
229355,4524
196699,5354
441371,
481252,
210270,4991
486354,8907
157863,26080
196866,53490
181738,23070
187198,9608
206279,12896
221971,31510
197027,1020
447050,12020
197018,13800
200554,4252
459204,35070
161572,28350
446589,
446598,15440
106041,
196088,9828
363934,20928
200800,10270
200846,6116
100663,8328
100706,10280
102553,6690
102614,6262
102632,6828
442930,
104179,11877
106397,9062
106245,8998
106485,7462
106412,7408
107743,3024
106999,2790
107725,2980
107585,3308
108092,5577
107664,5170
161873,8824
128744,32250
110635,14170
110644,14419
110653,13738
110662,13261
445188,13598
110671,13917
110680,14018
110705,14451
110714,14020
106704,8524
132903,6368
176965,7520
206941,7100
237312,30400
144050,56034
201955,6010
201946,5316
201885,11000
126614,12086
126580,8314
126562,9107
129020,14880
436827,12838
463056,12828
436836,12848
436818,12838
224323,38716
202480,41750
130943,13160
127060,48669
169716,41158
153278,29710
150534,35394
134130,6381
484473,3876
457402,7410
139959,11818
129525,38910
141565,7648
141574,11754
141839,3158
141981,7440
160065,13220
225511,9706
225414,6718
225432,6470
225502,6805
142285,7488
145600,13704
148654,11413
145637,15074
151263,28390
153658,8965
200156,21158
155317,10824
157085,11942
117140,41450
160658,9888
159993,8470
157289,11264
161253,10902
161217,7808
161226,9458
161235,7965
161244,7680
161341,7885
437097,9450
200217,18224
226471,27600
232681,12128
163338,8042
163268,11518
163286,10399
163204,7296
166629,15411
166638,13828
167987,13571
166513,14800
220862,9317
135726,48484
170976,14826
171137,12472
171146,10842
174075,11814
174233,13344
174251,13072
456959,13352
174066,14417
176017,8300
178396,9787
178402,8011
178420,9590
101693,22210
101709,12400
199069,19700
204185,29890
181215,7294
181394,7630
181464,8978
182281,7665
182290,7599
161457,36530
183071,14850
183044,18067
129941,38170
187958,1932
187976,2224
187985,7448
188225,1974
188049,1758
159939,8484
101879,8480
199111,7145
199120,9005
199139,6832
199148,7250
199281,6014
199184,9338
199218,7000
200280,8447
136172,6394
482680,4421
227216,10544
484905,7848
127741,9546
154095,8699
204486,11050
174491,30794
152080,51505
207500,11538
209551,11931
215062,53534
484613,9608
484631,9858
484640,9960
484668,9920
484677,9926
420042,9900
442161,9926
484695,9920
484710,9857
445300,9960
405997,9960
484729,9960
484783,9960
484756,9940
380465,9960
484765,9840
432223,9960
450483,9960
157535,20338
215266,13900
215275,13870
215284,13876
215293,19080
215309,11788
209825,44026
180258,24440
236328,48090
121691,48072
217484,13792
233374,50910
205203,26175
195030,52020
152336,29430
130314,38033
155812,27720
122436,47708
122612,46250
207722,7200
215929,43310
219383,27980
102094,7812
218645,10502
218654,10647
218663,11862
218672,6948
218681,6948
218690,6948
218706,6948
218742,11520
219471,8772
137351,6410
451671,5587
448840,5821
123961,54259
151306,7970
161554,8638
176372,8218
148584,31470
174914,41133
227863,32660
156541,23000
131399,5756
225627,29990
107558,23750
120883,46346
442639,13884
384412,13884
215132,39994
188182,16200
449870,11940
206084,9547
207971,41509
230764,8884
216542,21370
231174,17740
234076,16853
377555,10911
236948,10974
377564,11046
101587,9204
141334,6226
240055,5172
491303,6750
240268,8816
240277,7878
240329,9096
240444,10533
240453,9565
491288,6750
240365,7587
240374,7389
240462,7536
240471,8013
240480,8209
240417,9456
240426,8109
240189,7662
240727,5217
154493,29600
429128,7124
206330,22452
216524,50360
206349,31150
446604,11500
230728,7870
230737,5652
197045,20676
141264,6410
138187,2474
200572,7406
449445,
377652,
377661,
377670,
216551,29975
486257,5160
152600,38760
199838,1948
221999,47664
149639,28434
123651,32430
197133,55210
455567,11093
245342,11484
442408,11377
373058,11982
440873,11068
481988,12850
480514,11723
404374,11736
404383,11826
437060,10427
148140,11007
404365,11172
445559,11580
436191,11346
440882,11529
440891,11237
188340,24550
125028,1388
175157,5325
231165,14690
229504,4650
213914,14980
223472,14640
125091,1126
229540,4050
197142,22080
216597,51284
152637,5737
482228,5680
449834,8210
458256,
441928,
460774,
450191,
420307,
456056,
450289,
458593,
475370,
480107,
484978,
480815,
454625,
420316,
441919,
455716,
475617,
483319,
460844,
445090,
452115,
389727,
460923,
475352,
475866,
460853,
475592,
234030,13624
233903,4598
460376,9608
206394,20439
234085,18214
233921,13230
234155,8726
234164,17448
234137,9800
234173,36660
233949,5228
449764,19500
365204,14450
377342,
240107,27150
222053,4133
218919,12630
152673,42250
403487,9743
226879,13654
197197,45380
199847,51400
199856,2768
125231,12465
154518,21664
236887,4455
236896,27495
206437,29150
222062,4128
210304,24500
480198,8520
138275,21216
245625,4890
199865,35244
154527,39730
156082,7978
216667,46628
162210,23400
234207,50170
164216,44820
161581,3636
206446,3978
236939,11391
179867,51533
172617,3960
392840,23700
149727,7530
240125,4340
486594,7320
229780,18510
199892,2524
172635,3107
181783,6848
172644,12729
216694,24010
229799,3760
197221,48775
138293,25358
230782,5712
179894,27100
220206,18458
168218,51148
197230,39600
447999,
470047,
236975,3779
168227,34977
131098,26406
141325,22370
130697,52804
216764,10111
441229,20300
477039,26435
443331,34635
485272,21331
458229,34635
458210,34635
139278,2838
125462,1380
448594,1380
157483,4080
237932,7380
125471,1220
172671,4466
229814,7846
125499,1183
442383,12625
237987,12625
237996,13090
238014,4036
237899,7546
238032,8376
237686,3552
237950,6960
237969,30752
490133,7020
200004,6897
130776,10418
219480,7360
433387,6070
149772,12897
106102,6000
154572,4200
157951,10202
172699,11943
181817,2760
182564,3045
168254,35740
188304,6066
208035,3878
210429,9198
199908,2577
128391,9802
224679,
240170,3965
224660,
229832,3900
237011,8183
240693,2953
168263,9715
179946,25940
216807,36276
230807,33860
125727,44044
216825,9090
229841,3566
237039,4460
149781,35190
168281,50850
238078,28110
168290,36350
434751,4281
183105,7664
237057,49780
125763,46310
237066,42186
156107,7323
156125,8432
156134,
216852,44166
206491,13250
229887,12306
199926,2572
216931,34896
210401,48158
176479,12300
122728,30550
179955,33620
222105,6255
187444,12652
199272,28700
154590,25000
149842,9666
179964,23260
107877,17320
168342,53550
218955,4344
443340,12850
200341,5163
206507,25000
131113,10940
217013,24452
199953,2268
141990,3064
199962,31120
175272,9379
199999,5941
218964,15220
141255,2794
240198,4662
240338,29140
206525,38730
218973,41955
125897,38460
455512,1124
164313,6192
168421,48628
168430,9532
401223,5940
206613,5842
206604,8730
441089,
132268,
240718,
234377,4613
206622,37230
160904,23606
237109,4409
130794,51400
106148,2280
490319,7430
434937,10000
420325,6800
197647,11800
486017,7300
375230,8000
481410,11300
247773,6800
488350,7700
476692,9000
197601,12000
491057,12200
190752,11750
455257,9200
197674,8500
431983,9500
126076,14700
490504,9050
490276,13675
197692,15235
441609,12500
486026,10700
451398,12250
197708,42000
481438,11000
487746,8750
363712,8400
451370,10650
488101,11500
405058,10000
217040,9200
197735,10000
197744,12740
181853,18760
217059,19430
420440,3570
218991,4817
141361,29062
206695,8451
375939,
217077,
126119,1124
204255,4646